SECTOR,KEYWORD,MEDIA,TITLE,DESCRIPTION,URL,PUBLISHED,SCRAPED_AT
반도체,AMD,뉴스1,엔비디아 0.64% 상승했는데 AMD는 5% 급등 - 뉴스1,엔비디아 0.64% 상승했는데 AMD는 5% 급등,https://news.google.com/rss/articles/CBMiWEFVX3lxTFB4bmh6TFJkTzVTbEozTl9HVzBqWFhITFBZMEJ0ZkNaMDc1SmVsOGpYNFRqSTlncjNtS2VVNjU0MGJ4M1BSU1VudWZpMjlkQTcyTWY5cDhia1c?oc=5,2025-06-10,2025-06-29 20:07:53
반도체_이슈,AI 반도체,日刊 NTN,"삼일PwC ""K-반도체 경쟁력, AI 반도체 생태계서 찾아야” - 日刊 NTN","삼일PwC ""K-반도체 경쟁력, AI 반도체 생태계서 찾아야”",https://news.google.com/rss/articles/CBMiakFVX3lxTFBMZTZlbU9kM0o4SlpDbUY2VW5zdS1GeW1vbWhYbFJSY1ZjSWU1Z0J4czdxVm1jdHVrM2FlNVUyWFc3X3FSZUc2SUs2cHZWYm9jT19pOUVwRUk2X2NCTkhjXzJwSDlBaUR6NkE?oc=5,2025-06-10,2025-06-29 20:07:54
반도체_이슈,AI 반도체,뉴시스,"정부, 올해 AI 반도체에 2434억 투입…국산 NPU 조기 상용화 지원 - 뉴시스","정부, 올해 AI 반도체에 2434억 투입…국산 NPU 조기 상용화 지원",https://news.google.com/rss/articles/CBMiYEFVX3lxTE43T3B5RmdfVHBLRHZOd0JhZEZJWDZMa0E0dzhRVW1LRmZTVGtVREVOR1BfOWFIbWZBUmlxQWFwYWM0QW9nYV95TTRlX215WnlobGFPSC1CU29BamJCZ0JTUtIBeEFVX3lxTE1QWHR0Q2Qyc3RURzJFZE1vNU9XUmtCV1lHU1JNckxzOEpJTjRyaWZndXhZb3gycHZ1NGdBRU1GMi1xenZaY2dZa0FRSUpsV3FTYXZUSlhJNy1uUnljZW9DOUZxSzVjeFBYUmZtRnY5d0JzYVhkS1haOA?oc=5,2025-06-10,2025-06-29 20:07:54
반도체_이슈,AI 반도체,인더스트리뉴스,"정부, AI 반도체에 추경 494억 포함 총 2,434억원 올해 투자 - 인더스트리뉴스","정부, AI 반도체에 추경 494억 포함 총 2,434억원 올해 투자",https://news.google.com/rss/articles/CBMickFVX3lxTE43YjFrTDM3cFJXV0VsdWl0a25qUkF4WV9oRDg1YWNOUlpUenlWX0cwTjVYa0VWNGZ1YWdhMmRVTGNmUDg5XzRBeVYyV0NSNnBsWFdaenVvSnhSc2xCRExFeVVRQ01ubzA2Rzc2Ti1ZX3JWUQ?oc=5,2025-06-10,2025-06-29 20:07:54
반도체,TSMC,비즈니스포스트,"TSMC 5월 매출 전년 대비 40% 가까이 급증, 인공지능 칩 수요 덕분 - 비즈니스포스트","TSMC 5월 매출 전년 대비 40% 가까이 급증, 인공지능 칩 수요 덕분",https://news.google.com/rss/articles/CBMic0FVX3lxTFBYSnlCM0Y4ckpIN1FxN0RrYmtyT2VDaHNqaHJ4RTNHQ25hUzBKRXpkNkNnU2swaktfUTVfRTlPUlIxVVFVWndsUTkwNHJoTk5laTkxUUhYSm8wYWpkaFVXLVl5ODRsR0tEYmxkbXpuZTVQS1U?oc=5,2025-06-10,2025-06-29 20:07:54
반도체,TSMC,오피니언뉴스,"삼성전자, TSMC에 파운드리 점유율 격차 60%p...'트럼프 공략'에 진심인 까닭은 - 오피니언뉴스","삼성전자, TSMC에 파운드리 점유율 격차 60%p...'트럼프 공략'에 진심인 까닭은",https://news.google.com/rss/articles/CBMickFVX3lxTFBDOXJibVQyQnBISTJjaDk1eFVBenZzTi1Fek1fY3RnRTlmeUxodWN5TzIwajI0eGZ3LTZJUjZYRDVuNTJ5MGFQWmxkTDFQazFrd3FBNnR4c1FzdXVZZ3F2Y0dadV9JeFJCdjZWdEFiem9MUQ?oc=5,2025-06-10,2025-06-29 20:07:54
반도체,TSMC,v.daum.net,이러다 2위 자리도 위태?…어쩌다가 삼성전자가 - v.daum.net,이러다 2위 자리도 위태?…어쩌다가 삼성전자가,https://news.google.com/rss/articles/CBMiT0FVX3lxTE93UlZic2dUSmJudG54X3FzY1FDalNwVlF3c3h2d1dqVlJ2dmI4OHV1bG81SF9iMVhvTVZNVHRlLTFPdjF0T3g5V1BJOUxKOWs?oc=5,2025-06-10,2025-06-29 20:07:54
반도체,TSMC,한국경제,"미국 패키징공장 부지 결정 못한 TSMC…""대만서 진행"" - 한국경제","미국 패키징공장 부지 결정 못한 TSMC…""대만서 진행""",https://news.google.com/rss/articles/CBMiWkFVX3lxTE1ieGJYU2RTeHdSdEJCdUtXZnJlQUlYLTNYSHhpQlU0N2hSMXBJV2xpMVlkckdtZnNGVEk3SldYY25YSElWSERUWGxGYUJRVWhrd1AzNmw5TENXZ9IBVEFVX3lxTE1DTTVIM0VtWFN0d0JMZmZta2M0SnhiNFlWeTRQMDZtSzQ2NUM4aEoydXcxS0ZiVXJVQkN3c3EtMTh1N3ozSkgwTlZvRGxJQlEtd2FfLQ?oc=5,2025-06-10,2025-06-29 20:07:54
반도체,TSMC,인포스탁데일리,[0610주요일정] 대만 TSMC 5월 매출액 발표 예정 등 - 인포스탁데일리,[0610주요일정] 대만 TSMC 5월 매출액 발표 예정 등,https://news.google.com/rss/articles/CBMidkFVX3lxTE5uR0ZDYWg2RlhQVGZpT2IyTnV1YkdralZMTzRhVkw4cjlsLTVFazUxVUwtYVU3SDhVUmJqUllvUm1sLW53TXVZYUdRMzN3bUl5OC1Bbjh1aUlDWllWRF8xRVFYMHgyckNZY0ZiWHdEZ3JWQmdsaFE?oc=5,2025-06-10,2025-06-29 20:07:54
반도체_이슈,미중 갈등,연합뉴스,"드론도 미중갈등 유탄?…""중국산 부품 가격 2배로 급등"" - 연합뉴스","드론도 미중갈등 유탄?…""중국산 부품 가격 2배로 급등""",https://news.google.com/rss/articles/CBMiW0FVX3lxTE5wZW9acU9KenZORGFwQ3hPSGw0X3lpWWoycU4yNHdZYTE3M3VOX0Y1ckd5QVAteUNQTnVnVlh1eXItRktOVVZxMkZDNC0ydWlIRTFXSHZPMW9WM1HSAWBBVV95cUxOU3poXzQzQ2x1d2ZaUWp1cFZuZTV1WGgzQ3FLanIyTlhlWnZSSDRqMmxqYk9XNk9ZM3dweWpsNURxNkNBWjhJMlYxLXRWYzFIMkxlQldieWExYTV2TVFkSmE?oc=5,2025-06-10,2025-06-29 20:07:55
반도체_이슈,슈퍼사이클,전자부품 전문 미디어 디일렉,"웹케시, 全제품 AI 에이전트화... 5년 전 '슈퍼사이클' 재현할까 - 전자부품 전문 미디어 디일렉","웹케시, 全제품 AI 에이전트화... 5년 전 '슈퍼사이클' 재현할까",https://news.google.com/rss/articles/CBMiZkFVX3lxTE54OWtnclZTZmxCeVNjMndfanFJcnZ6UEZWMXFsRHJYSUhBazUwNXZnZEhXeThmSk1ldGlwbXRNZFlCTy0yNE9DeWpRUnlMa21QZ2tjRUVCMzNIbE80dkVWaGwzUFlTUQ?oc=5,2025-06-10,2025-06-29 20:07:55
반도체_이슈,슈퍼사이클,헤럴드경제,격변기 올까 뒤숭숭한 자본시장…“AI 슈퍼사이클 나만 소외될라” [투자360] - 헤럴드경제,격변기 올까 뒤숭숭한 자본시장…“AI 슈퍼사이클 나만 소외될라” [투자360],https://news.google.com/rss/articles/CBMiVkFVX3lxTFB1SHNZeWpUQTViUXNpOWNiTXphYkFtNnZXRjBzdTJpV01ubDRieU0yMUFvWUJ6WVBZTU5zd2MtNEVGN29LTldjSzZBRDVKSlBUZzN5ZGZB?oc=5,2025-06-10,2025-06-29 20:07:55
6G,쏠리드,인포스탁데일리,"쏠리드, 하반기 통신부문 매출 확대 전망-하나 - 인포스탁데일리","쏠리드, 하반기 통신부문 매출 확대 전망-하나",https://news.google.com/rss/articles/CBMidkFVX3lxTE1rSFh3S1o5M2U5SUdpcl90bnJncWVQZHBKSzNfZG5saEpsaG9oTGRMeWh3V25BSTE0R3VEZldBNGhrTE9OSHhNSDJ5VDludU1uNHpnMkZaT0JveWY1SXlnM2VudG5VcFV6dGg1NUJxNTE0TE1lWWc?oc=5,2025-06-10,2025-06-29 20:07:56
6G,쏠리드,뉴시스,"하나證 ""쏠리드, 하반기 매출 집중…과도한 저평가"" - 뉴시스","하나證 ""쏠리드, 하반기 매출 집중…과도한 저평가""",https://news.google.com/rss/articles/CBMiYEFVX3lxTE9HR0JvYldoQmFSWXdnb2htUjN0cVgtOHlXdHhqU0xqQkVJTXlVd3hGX0g0eXFfb0JCTFNhN29TVHBCeEg0STBOTmdJS0UzVFRKLW9ZNkpvcXMyME0wcW1kctIBeEFVX3lxTE1pNjM4RmJQQUI5UUUwOGFoTDNQeFNwY1VZRU9BSkVhMHlwbXNBQjdOMjV1M1dFazItVnpBd3VpSGZBb3Fab3JkTHllZDR1SElRWTVUZkZjamlNZUdKcFYzM29GSElhUzhQNm5TanNoUU9aajYxeWNJZw?oc=5,2025-06-10,2025-06-29 20:07:56
6G,쏠리드,뉴스투데이,"“쏠리드, 실적은 이상 없다. 재료는 넘쳐난다” - 뉴스투데이","“쏠리드, 실적은 이상 없다. 재료는 넘쳐난다”",https://news.google.com/rss/articles/CBMiXkFVX3lxTFAtRGpDRzRlU1VKYTB3Qm1URkdtSUdaYW9aY0hYNERSZzAzenhWWktRNlB3eU5sNFZWak9WUzlmc2pRSlltU3FkZnJnc3llUVpFcXRmMmN1M1A0b0g1d2c?oc=5,2025-06-10,2025-06-29 20:07:56
6G,쏠리드,네이트 뉴스,"하나증권 ""쏠리드, 영업이익 3억 어닝 쇼크에도 하반기 실적 반등 기대…'매수' 유지"" - 네이트 뉴스","하나증권 ""쏠리드, 영업이익 3억 어닝 쇼크에도 하반기 실적 반등 기대…'매수' 유지""",https://news.google.com/rss/articles/CBMiU0FVX3lxTE11MkFVeE1KcEcwVXp6ZlNzV0RiVjlyc2pRTmRSdDFjU2RyVFA2bWQ2NHpLWmh6VW1kcW1sRDBneWRVRGlURGhYS2c3V1F6QThjNHBN?oc=5,2025-06-10,2025-06-29 20:07:56
6G,쏠리드,네이트 뉴스,"[클릭e종목]""쏠리드, 미국發 수요 증가에 하반기부터 실적↑"" - 네이트 뉴스","[클릭e종목]""쏠리드, 미국發 수요 증가에 하반기부터 실적↑""",https://news.google.com/rss/articles/CBMiU0FVX3lxTFBFU0RIWU1QOHpTNkFIUDVFVDNGXzl5bFozR1ZTUlJuWFNsQjlNaXgtd1dvRGFEVXpxWGI0RzRpckhBQ2EzMS1vQUJLYTJzMzgtVzVr?oc=5,2025-06-10,2025-06-29 20:07:56
6G_이슈,6G,인더스트리뉴스,"KAI, 6G 저궤도 통신위성 개발한다…정부와 협력에 박차 - 인더스트리뉴스","KAI, 6G 저궤도 통신위성 개발한다…정부와 협력에 박차",https://news.google.com/rss/articles/CBMickFVX3lxTE9rTzhMVUIyeldBR2NvN0FXeEtKcW54ZUFoOVcySUhDemZkY1FzUVUwQlprSVZrSFhHeDBoQ21xaGRaM3M4OU51WWZHNmhSUmRzb0MzZ1dhZzlmN2FkZ3VvOF82b1ltcGdwaGNjbDNRbGdpZw?oc=5,2025-06-10,2025-06-29 20:07:56
6G_이슈,6G,산업종합저널,"6G부터 안내로봇까지…ETRI, 차세대 ICT 미래 기술 대중에 공개 - 산업종합저널","6G부터 안내로봇까지…ETRI, 차세대 ICT 미래 기술 대중에 공개",https://news.google.com/rss/articles/CBMiU0FVX3lxTE9FQmMzNDhKYmJnX1hXTkhMS2Y2NFZ0eXk5OTZjcjhJMzBacnpvajFibnZFcDFwRjAzX3hpVnRIQjNPbXRnVXc3bW9iTW11Ul9HOFdN?oc=5,2025-06-10,2025-06-29 20:07:56
6G_이슈,6G,머니투데이,"KAI, 6G 저궤도 통신위성 개발 협약 체결 - 머니투데이","KAI, 6G 저궤도 통신위성 개발 협약 체결",https://news.google.com/rss/articles/CBMiZkFVX3lxTE1RLU1fQTBibGFBcGNpcUZvZDd5VmFkdVVZNzZYeFlhWmtpOFFGaU5nLXpNMmZwQ0J4OEcxdENKYmJaaUIzUU1tVF90czhtZzNNMjdxQjZWQTZ3ZE53UmF2T3NWb3JTZ9IBbkFVX3lxTE5ST01qMjROQzZhLUw2MVF1Y05ZaGF4ZUJ0YkdvT0hkSFY5S0QydFJhQnhVZWx3eTRQRlFmZzBVNXpuak1TSUtWZzl1MFNGaFJHZjk5Q29JZ2FIb25VdklqYlRfcjNRUE5scm1TeEJB?oc=5,2025-06-10,2025-06-29 20:07:56
6G_이슈,스타링크,아주경제,7월 '스타링크' 도입 임박…해운업계 고령화‧인력난 해소 기대 - 아주경제,7월 '스타링크' 도입 임박…해운업계 고령화‧인력난 해소 기대,https://news.google.com/rss/articles/CBMiWkFVX3lxTFAyTDB5bFRQSFVtUzVUa1ZjdE5BWnRtYlVuVzE5czE1TlRZU2xRa2pIZ0FTWHJHLTFLdERHUzUyd0lYWWItNEFjZFEwSWJKNUlfQkxtYWI1R1lsZw?oc=5,2025-06-10,2025-06-29 20:07:56
6G_이슈,스타링크,베타뉴스,"스타링크, 전 세계 사용자 600만 명 돌파… 역대 가장 빠른 성장 기록 - 베타뉴스","스타링크, 전 세계 사용자 600만 명 돌파… 역대 가장 빠른 성장 기록",https://news.google.com/rss/articles/CBMiZEFVX3lxTE5mQ2c4RFZGcUNSeHlQNmRXYmFhOEdLTzk4T1VuQXlSOTdYZFVneWJENHBrRXZqeFJUZHR2dGMyX0xEVGNKLXlIVHl5M1RhVklueWhZMkt5NkxiVDRuNnNmWThRTnA?oc=5,2025-06-10,2025-06-29 20:07:56
엔터,와이지 엔터,네이트 뉴스,"YG, 연습생 이벨리 퍼포먼스 영상 11일 공개 - 네이트 뉴스","YG, 연습생 이벨리 퍼포먼스 영상 11일 공개",https://news.google.com/rss/articles/CBMiU0FVX3lxTE5Ra25vOGpfOG9ZZjlwOThWN0RteHphN2ZWMUlGeXQ5c2kwa1luTjRHaTBhMXBTWmg1VnBIYU1JZ1d0WDc5cFdjYkFPLUNrcXFhUURr?oc=5,2025-06-10,2025-06-29 20:07:57
엔터,와이지 엔터,Chosunbiz,"와이지엔터테인먼트, +2.29% 52주 신고가 - 조선비즈 - Chosunbiz","와이지엔터테인먼트, +2.29% 52주 신고가 - 조선비즈",https://news.google.com/rss/articles/CBMigwFBVV95cUxNTnROR2k5MFd6ZnozemRSRWFzMnNSTWtsenEzOWRSUFQyTXdGdWZQVWh2TDBDNkxlWk12bllPWFhHVmlUeDZYZ3V3cnZrZ2R3UGNhZE9DYzFQVXhScGp1TmtiTUpoZVpjWElBclZZcjJfaEdJSkNncGJ6RGFKUmFmNVJmQdIBlwFBVV95cUxOMDZwTl9JU2RkdkdpdzZsb0tVeFNZakxyWTdNRWdNNHdPMkU3UmFfWGJrLWpkZTVBbHZZRXlUN2szQkpZRzhvd0RPa3ZQRXFieTQ1YkU3WU1za0NmNXhzc1l5NnVkSzVtVG5FQ3NoZHhabjA0WXpjR0JvSzVFSnFDVUdGQ0hYQWZNdTljeVlmTVVEZjlISjQ0?oc=5,2025-06-10,2025-06-29 20:07:57
엔터,하이브,한국경제,"오늘은 RM·뷔, 내일은 지민·정국…BTS 복귀, 하이브 주가 2년 만에 최고 - 한국경제","오늘은 RM·뷔, 내일은 지민·정국…BTS 복귀, 하이브 주가 2년 만에 최고",https://news.google.com/rss/articles/CBMiWkFVX3lxTE04NHhicVRLZXlfckppRFQyd2NhWmJZWmRLREpSRWhpR0s1eV9RVXV0aTB0Mk9CSVJ6RDBZMHlSUm1rZnZ4bVBrVjFBRHBoT29ubjUwWXB6YVpqZ9IBVEFVX3lxTE10MkpqOWU1WXB2OXpKdFN2SlV5b0xYNUtUTEJOVXNJTzVGRUZrTmFaUkZIVWtHaUJ4eU95UERZLWtvMGFQUVdSbTB5RW11Qm9Sbm1vMA?oc=5,2025-06-10,2025-06-29 20:07:57
엔터,하이브,한국경제,"Today's Pick : ""하이브, 스위치 ON"" - 한국경제","Today's Pick : ""하이브, 스위치 ON""",https://news.google.com/rss/articles/CBMiWkFVX3lxTFBucmxGOHZkcnRRSTVreFVWMDRqM3dhTUREaWJSOW44MGcyR1czcjVWVW1CZFNNdnNFVnRONEtpN0hFQk1KeEhrTWp5RDJscFotclFFN29LRE1xQdIBVEFVX3lxTE1sUnJIeHFQd18yMEhQbUNia0xRXzdSd1dsR2R2ZmRqZDY0TjhhMUJYSlloVlFSdTB5MF9WZFJxUkpEQThYeGJIcU4zQXRJbEVRdEFvLQ?oc=5,2025-06-10,2025-06-29 20:07:57
엔터,하이브,Chosunbiz,BTS 완전체 복귀 기대감에 하이브 3년 만에 최고가 - 조선비즈 - Chosunbiz,BTS 완전체 복귀 기대감에 하이브 3년 만에 최고가 - 조선비즈,https://news.google.com/rss/articles/CBMiiAFBVV95cUxPNTlKRThMZGVkbkVRREEyOXA1VEIxMjItcFgtb2kybWwyX3VWSmh2cVdsSFFOUlQwd0o2em10ZWN5TjVNM0EzMVdwY093WTdOcW93MmxORlVzWGZSa2NGOHpXUUdLRmR4WUNxM3ZuZFNDam9od3JlVzEwTzJEQ043Tm51TUVWNE9M0gGcAUFVX3lxTE4tTGVXd18xTFRuVHpXdWw0Q3J6ZWRkNXVTelA5TGlVY3c5eF9QcTVRTm1OQVZER0dRWFNEVEM4anp2S1FaemdoTndERXB3bDgyZEJTR2hUSWhacmJ4SkpaVERrZFlpWk9mUklyVUU4NEg4cGdIWENuaE5aQm9ENHN5ZUxxeV9NWHRoQk9xN0gzYlNQNjgwTjJpTWl4UQ?oc=5,2025-06-10,2025-06-29 20:07:57
엔터,하이브,머니투데이,"하이브, 오늘 RM·뷔 제대…BTS 완전체 기대감에 목표가 9%↑-삼성 - 머니투데이","하이브, 오늘 RM·뷔 제대…BTS 완전체 기대감에 목표가 9%↑-삼성",https://news.google.com/rss/articles/CBMiZkFVX3lxTE5seEZUaHA3bVcwcFFkT2lNX3NmQjRhN1JXaXZwVUllcU5CU2RITGd1NG1tNjJwaUxnbFZzcEkzbE1wc3QxVXVkbG9kVXN2ZXg5aGZ1NmJ2cUF6Ykc0Q1hkNGQyLXNsUdIBbkFVX3lxTFBCcTlBVE1ybHp0aVNDNm5YdUVFX044cE00QUROMmZBRkJLcFR5T1M1ZzY4aUdMLURBTGpNVGJiUUhwVWFxbHB4aFE0dkZLTDZ5dWhoN1BzQS12YWVXOXJLYVkzWnAtTWhLOXJodVVR?oc=5,2025-06-10,2025-06-29 20:07:57
엔터_이슈,한한령,비즈한국,"""시진핑 축전은 한한령 해제 전조"" 사드 이후 한중 '잃어버린 10년' 회복하나 - 비즈한국","""시진핑 축전은 한한령 해제 전조"" 사드 이후 한중 '잃어버린 10년' 회복하나",https://news.google.com/rss/articles/CBMiVkFVX3lxTFBWSjZSUzRTaDFzT2xzdmVtLUNBaEZMMnk3RHBPV0ZNV3FJaHJmUjdHZzllM2N1NTdQSkFPaVI0MW1BSlc4a2RrSmVzSVZMdjdSNTF1MzFR?oc=5,2025-06-10,2025-06-29 20:07:58
엔터_이슈,한한령,한국경제TV,한한령 해제 기대감에 화장품·의류株 급등...석유화학·게임주도 강세 - 한국경제TV,한한령 해제 기대감에 화장품·의류株 급등...석유화학·게임주도 강세,https://news.google.com/rss/articles/CBMid0FVX3lxTE8wTVBJMkw3LU9ieHBmamNsakpXcWFkOG5kSFljTmFja3F1R1NSODNfQllyRXpmcG9IRE5iVU8xekN0SW9SRUhmTUJiZjVQWDMtaGdRcDJyZUVDM1QyUmVKM3MxSzZoTW15aG1yRkJkeWdBbVpyb0Ew?oc=5,2025-06-10,2025-06-29 20:07:58
엔터_이슈,한한령,서울와이어,"[특징주] 오가니티코스메틱, 한한령 해제 기대감에 상한가 직행 - 서울와이어","[특징주] 오가니티코스메틱, 한한령 해제 기대감에 상한가 직행",https://news.google.com/rss/articles/CBMia0FVX3lxTFBOaTMxRTZidFZtZ0lXTlBVYTU0VF8xb0pZV094QTBPWlF4ejNnZ09sU3BHTE8xeVdMZUU3X250bk5FZDhLYVpRa2U2QW9hWm10R3cyV0NOLXY2VDYyeEJvdDQzT3VWWVdKV3U0?oc=5,2025-06-10,2025-06-29 20:07:58
엔터_이슈,한한령,네이트 뉴스,"""한중관계 발전"" 선린우호 약속한 두 정상…한한령 해제될까 [李대통령·시진핑 통화] - 네이트 뉴스","""한중관계 발전"" 선린우호 약속한 두 정상…한한령 해제될까 [李대통령·시진핑 통화]",https://news.google.com/rss/articles/CBMiU0FVX3lxTFBaSjUyblR1UmhZemt6S2xpMG9xVG1HUUNlYlpSNXJCRTN5aHNXbXppdzYySkdhRjJnd0hjbm4wb2psQUFXX3lHVFlIdzU1em9rb2s0?oc=5,2025-06-10,2025-06-29 20:07:58
엔터_이슈,빌보드,중앙일보,"[라이프 트렌드&] 빌보드 CEO, '2025 MyK FESTA'에서 K의 미래를 밝힌다 - 중앙일보","[라이프 트렌드&] 빌보드 CEO, '2025 MyK FESTA'에서 K의 미래를 밝힌다",https://news.google.com/rss/articles/CBMiVkFVX3lxTFBlalpwTVpidHM3QjhQMEd2M1ZndWp1aGI3U1BNeXQ4QnNoaWc5d1NDU2RpTDVWS21uSUNOR21fbWZXS3RLM1hQRm1kYjdYOERJRWRkSTJ3?oc=5,2025-06-10,2025-06-29 20:07:59
엔터_팀,방탄소년단,스타뉴스,방탄소년단 진 'Don't Say You Love Me' 韓 스포티파이 1위..'Echo' 2억 스트리밍 돌파 - 스타뉴스,방탄소년단 진 'Don't Say You Love Me' 韓 스포티파이 1위..'Echo' 2억 스트리밍 돌파,https://news.google.com/rss/articles/CBMicEFVX3lxTFA1cXRzNGY0VnRVQkZHNWdYblRBM2xKUklHZHM5eUNlUmNuNlk2MUhsdWYxeEl3blRyLXViQllqN1hnZm4zOU1FNTBWcjVuYS1uQU1ZVl93X3F0VGVlck51a0RVTU9YV291T3pRZHBvd1I?oc=5,2025-06-10,2025-06-29 20:07:59
엔터_팀,방탄소년단,스타뉴스,"'전역' 방탄소년단 RM·뷔 ""빨리 BTS 앨범 만들 것..콘서트 하고파"" [스타현장] - 스타뉴스","'전역' 방탄소년단 RM·뷔 ""빨리 BTS 앨범 만들 것..콘서트 하고파"" [스타현장]",https://news.google.com/rss/articles/CBMicEFVX3lxTE5HX2pBMWpocmRPTTNPektnQ05nWFdMOGdUTzNnQUhEMDNrS28wdU90REJwT3NPa0pPUlB4SHFCS1VzWE1EN0ZHcWlQVHFBaXhDMnVDMHpud3RFU3RnWGNpc0x3MDVaaW9NUHd2QzhUVHY?oc=5,2025-06-10,2025-06-29 20:07:59
엔터_팀,방탄소년단,BBC,BTS: 방탄소년단 RM·뷔 전역…완전체 가동 앞두고 팬덤·도시 '들썩' - BBC,BTS: 방탄소년단 RM·뷔 전역…완전체 가동 앞두고 팬덤·도시 '들썩',https://news.google.com/rss/articles/CBMiXEFVX3lxTE5mZDdnajlHeVhTbUhYdHlWNHpldENWbEVfMUl3dmo4OEtsV0Z6M09EZmYzT1oyR09nWkp4MkdXSzNLMnFsNnEydF9zeHIxOVVWWGNhenh4SVB6LTlz0gFiQVVfeXFMTm9tMU9UWk41V2s3blVkNDRNdkdQRTBUU2R4ZkdtYjJPLTZsa0ZvcmpITnN6OWpORjMzTlRKMXpIODZDUk5pcHRZMmxNVklPLTFQQ0dHU3ktNHM0TzRBWHVweHc?oc=5,2025-06-10,2025-06-29 20:07:59
엔터_팀,방탄소년단,v.daum.net,"방탄소년단 RM·뷔→지민·정국, 오늘부터 '완전체 전역'..빅히트 ""WE ARE BACK""[스타이슈] - v.daum.net","방탄소년단 RM·뷔→지민·정국, 오늘부터 '완전체 전역'..빅히트 ""WE ARE BACK""[스타이슈]",https://news.google.com/rss/articles/CBMiT0FVX3lxTE92aUM2X1E5ODZDaHVTSzdPdUwtcTVIdURCN2ZIZ2lvUnV6NzNVQjFGLXRTdnJFZWVBWTlpMFJmV0paUkpmbmR3X3JLZGhqMmc?oc=5,2025-06-10,2025-06-29 20:07:59
엔터_팀,방탄소년단,v.daum.net,"브라질 아미♥, BTS RM·뷔 전역에 폭풍 눈물..""건강한 모습에 감격"" [인터뷰][스타현장] - v.daum.net","브라질 아미♥, BTS RM·뷔 전역에 폭풍 눈물..""건강한 모습에 감격"" [인터뷰][스타현장]",https://news.google.com/rss/articles/CBMiT0FVX3lxTE1PMWpla3M2SXNJb2JFcXpyYlJsQmR6M2NXUXVuMkVndmk3bC01Z1dVLWVLX0MwcVU4ODc1aXZfZ0hmOXlBQ0I5eG5CYWp6aUk?oc=5,2025-06-10,2025-06-29 20:07:59
엔터_팀,방탄소년단,스타뉴스,"""방탄소년단 무대 복귀""..'색소폰' RM·'벌크업' 뷔, 눈물의 전역식 [스타현장][종합] - 스타뉴스","""방탄소년단 무대 복귀""..'색소폰' RM·'벌크업' 뷔, 눈물의 전역식 [스타현장][종합]",https://news.google.com/rss/articles/CBMicEFVX3lxTE1teE0ycmgtM0RzSXJKVlU2Mk1fZlhCRG5BcFBfS1J6M1ZHdVRTQVBDTlJSdmRvRUJHMEZUUGRYODVHaWRwbDJCQUhwdERaakhQX3JwQk51ZFBIbGJYRzlwUGtoSDZBbU96YUgyRF81STU?oc=5,2025-06-10,2025-06-29 20:07:59
엔터_팀,세븐틴,신세계그룹 뉴스룸,‘사카이X세븐틴 컬렉션’ 나온다. 이달 9일 글로벌 경매 플랫폼 주피터에서 공개 - 신세계그룹 뉴스룸,‘사카이X세븐틴 컬렉션’ 나온다. 이달 9일 글로벌 경매 플랫폼 주피터에서 공개,https://news.google.com/rss/articles/CBMiWkFVX3lxTE1JX1RWZHlURmtmNTBNams5eHJXek5UcXhXc3ZIVlJNaDl0ODJhV3VIdzU5QXVwdG1CMHVjX01pQkl3cW84U1h3XzY1ckJuVDFEb0xIY3FJSENhZw?oc=5,2025-06-10,2025-06-29 20:07:59
엔터_팀,아이브,조선일보,"[멍멍냥냥] 아이브 레이, 시청각 장애견 마음 활짝 열어 “촉감으로 소통” - 조선일보","[멍멍냥냥] 아이브 레이, 시청각 장애견 마음 활짝 열어 “촉감으로 소통”",https://news.google.com/rss/articles/CBMidkFVX3lxTE1RRklRMTRzYjVSTC1idmpCXzR2MnJoUW02S1Z4S1ZZWDItdllCVzFZU1BUeklNWlExZHgwLXF2TTZhZWhzV0dPV0NSbUNMZHBJUENPTDlXTDFaaE5Gckc4Y3FiOFJnMHJSZkxwNTBLYWp4QjZCWkE?oc=5,2025-06-10,2025-06-29 20:07:59
엔터_팀,NCT,경향신문,2집으로 돌아온 NCT 도영···“누군가를 일으킬 수 있는 음악 하고파” - 경향신문,2집으로 돌아온 NCT 도영···“누군가를 일으킬 수 있는 음악 하고파”,https://news.google.com/rss/articles/CBMiWkFVX3lxTE8tNnk5WG93SXMyN1NaMXJSUkhQVmlkQnJhbFAtcmFTeEZabzNvNk1Lb3FDaTNaZUdRN2c2VENuWXVIbU5zUExmLVppNFBPR2c1bzFYdms0OUp2QdIBX0FVX3lxTE12aWthd3J5RUxPb0N2VmQxUkJCNWtpbmh0QzFMSGZ6bHI2ai1YRVl5ZExWOVR0VS1mRTJHOFRqdHM0YVhjbXpIUFFPRzhyekY4NEFqbDFFQTd6TURnbVRz?oc=5,2025-06-10,2025-06-29 20:07:59
엔터_팀,레드벨벳,네이트 스포츠,"레드벨벳 조이, '고척 여신'의 시구 피니쉬 [포토엔HD] - 네이트 스포츠","레드벨벳 조이, '고척 여신'의 시구 피니쉬 [포토엔HD]",https://news.google.com/rss/articles/CBMiXEFVX3lxTE12c0lYbEVKTlUzX0FGOGNMNEFscXQ2dEVHRXNJeGx5cnB1amRsZmJKSEVmbVRLWFJtd2VHeWp3WkZCdjRQM0hGbnNxSC1kWGEzVEJXVElNdDlsTGdZ?oc=5,2025-06-10,2025-06-29 20:08:00
엔터_팀,위너,네이트 스포츠,"메디컬 테스트만 남았다! 더 브라위너, 나폴리와 '2+1년 FA 계약' 합의…이번 주 안으로 마무리 예정 - 네이트 스포츠","메디컬 테스트만 남았다! 더 브라위너, 나폴리와 '2+1년 FA 계약' 합의…이번 주 안으로 마무리 예정",https://news.google.com/rss/articles/CBMiXEFVX3lxTE9Gc2Z1YllfdEVraEtzUjl6MmJnd241Q0J4b3BMb19xSlJaSGVrY0g3UnFHbnUzUlJKUWJkbzl0NVpIcjVpWFRxZERsS1prZTFfV2pnSkxtUXpMTXpn?oc=5,2025-06-10,2025-06-29 20:08:00
엔터_팀,위너,Gazeta Express,"데 브라위너, 나폴리 이적 완료 준비 완료 - Gazeta Express","데 브라위너, 나폴리 이적 완료 준비 완료",https://news.google.com/rss/articles/CBMikwJBVV95cUxPdTJRYzBfUjhhcXpkb2FsT3l1ZGh3TmZXdlZmd0FWcG9obTdCZklVOWNvNm9vRFhMdk5wOUdpLWRPcC1TbXdHZ1lKZURSeVUwZmFOUm0yay1BSGVlM3k5NDdsVnNKUy02cEttSzNfWWl5RkpYVGpSUlI1UGNTd3ZNM2ZGY2dON20wUTY4SXBwMlY1Q2J6eFZsYmQzdGwwU1B2WWtPWEZLYjVERWY5VldCMlg4OGdWZ1lQS1QxbkNzN1JoTHdkbncxUDl1WGNPcjcyb0pHWFU1YmZ6RU5PVWZ0UGZ3aXZDY3BzLW5URVdGRHp0RmdTSE9SQnY0TlQ4MzdnSFRuMDRZMElPNTkwTnJ6azg2SQ?oc=5,2025-06-10,2025-06-29 20:08:00
엔터_팀,위너,네이트 스포츠,맨체스터 시티 초대박 소식! 'HERE WE GO' 더 브라위너 공백 메웠다…'540억' 지불 결단→5년 계약 합의 - 네이트 스포츠,맨체스터 시티 초대박 소식! 'HERE WE GO' 더 브라위너 공백 메웠다…'540억' 지불 결단→5년 계약 합의,https://news.google.com/rss/articles/CBMiXEFVX3lxTE84UGxtaVJnUGVfbnR2QUdZOVNtZHU1X0pfb2VlT2ZKZDRLWVJEM3ZIdjR1eFdqc3RGaGdSRXctU0lwd2Nxd2xRNjQtOC1QQWM1TzRMdTJHYXNtaHRS?oc=5,2025-06-10,2025-06-29 20:08:00
엔터_팀,보이넥스트도어,조선일보,"보이넥스트도어 'No Genre', 일본레코드협회 '골드' 인증 획득 - 조선일보","보이넥스트도어 'No Genre', 일본레코드협회 '골드' 인증 획득",https://news.google.com/rss/articles/CBMiigFBVV95cUxNT2xIUzA1bGs5VkNzeDEwT0phM09wSVJXVklHN1FZS01uNDl1QndlUkFmYzFfTE9nS2VlWm5JZF9UTDN3d0VDY093Q0MwczBpVVJLQ0VnSzlVWlNfSWhsc1hBLWZqcXpBMy1VbVdKaURRNTJWdXlZaTluZGFhNHRzVjdBQ2lDSm9VTEHSAZ4BQVVfeXFMTlA0WUFGOEtVVXhaa21WWTllMHRuTEpGNV95N0JEdFNHckswMWJ5Vkk4cFZSQ2lqNXpGS2ZJTm1Hd29zQ0JxQUh1MHNlUDFYbzZ3al9mdXhIUEV5YkUzbjEzRUZhMVFvZ1hrWFVxR3BvUmNXNGZGS3hGVkVId1BEN3AzWE1Ud2RkYzBaUUFxRE1QaHpyOUIwNWZ0VVZwaUE?oc=5,2025-06-10,2025-06-29 20:08:01
엔터_팀,있지,iMBC 연예,"있지 ""노력+마음 담은 새 앨범, ♥믿지에게도 잘 전달되길"" - iMBC 연예","있지 ""노력+마음 담은 새 앨범, ♥믿지에게도 잘 전달되길""",https://news.google.com/rss/articles/CBMiYEFVX3lxTFAtaEdwVTNiTUdDaUFlUVlvN3JmblY3WTVIdkgzVEdsTlVUTzZ2TF9mbzhlejc1bFJBY01JcE5NNVdnYVBlazR0eGczRDJ0NTJVUDVrMnBQdVhsb1JJUlhDTA?oc=5,2025-06-10,2025-06-29 20:08:01
엔터_팀,있지,iMBC 연예,"예지 ""있지 신곡 안무? 유나 갈비뼈 갈아 넣었다"" (정희) - iMBC 연예","예지 ""있지 신곡 안무? 유나 갈비뼈 갈아 넣었다"" (정희)",https://news.google.com/rss/articles/CBMiYEFVX3lxTFBNTVJENlR3ek9ja1hudXVMRmRKZThReTgtMWpRT3dXU003Q2ltaGRwM1UzYmpYeXdFWWlWRlE0SlcxenBLOGlIMWd1LVRRNEs2MDdPRFFsREMzeko1UmFYUA?oc=5,2025-06-10,2025-06-29 20:08:01
엔터_팀,있지,iMBC 연예,"있지 유나, 유튜브 개인 채널 오픈…류진·채령 ""구독 안 했어""(정희) - iMBC 연예","있지 유나, 유튜브 개인 채널 오픈…류진·채령 ""구독 안 했어""(정희)",https://news.google.com/rss/articles/CBMiYEFVX3lxTE1KT3JIUTJfdlZiUlJKX2ZfN0M1ajB3aVp1RW5WdEhxOHlIWGZ3bnV1QlJYLUN1S21ld1dKdHJFMFpQeWpTR2RQTVE1RkY2cXVkN2Rjbzd6WWtTVDdkZTFJSQ?oc=5,2025-06-10,2025-06-29 20:08:01
엔터_팀,있지,SBS 뉴스,"있지, 새 미니앨범 '걸스 윌 비 걸스' 발매 - SBS 뉴스","있지, 새 미니앨범 '걸스 윌 비 걸스' 발매",https://news.google.com/rss/articles/CBMiakFVX3lxTFBxNTdEbUtvOVBKVXVKcFQxUzhBLTNjUHBnVHE3bDQ4d0FuOHpqUHNVbWVKeVZJV0c2RzNWdDFWa0hlMlRSRkNUVUEyNkd4SlRmUEx3ZVdBOUxYN1dLTkszV3ZxcjhZSmo4Z3fSAWZBVV95cUxQNGxNSFE0SEh5ckotSFRYYjZpaFpLY2VySkR3ZzB4ZHFRSW1SYy1DSWtKUDk0aURzaG1WTWtWTmJWR2t6MXZCMWYzbE1NTE93RGhMZ3Z5aHlmWmo1QTI3aUQxeDE4elE?oc=5,2025-06-10,2025-06-29 20:08:01
엔터_팀,트와이스,조이뉴스24,"[단독] 트와이스 채영, 하반기 솔로 데뷔 확정…팀 내 네번째 출격 - 조이뉴스24","[단독] 트와이스 채영, 하반기 솔로 데뷔 확정…팀 내 네번째 출격",https://news.google.com/rss/articles/CBMiT0FVX3lxTE5pNVpheWxjcmI5MWdxN2xsWTJwQnBJRlE4T3IwbWVscEJKQzg4Z21JOU00UkJsRmhPUm8wYnpreUpwNkNMMGZrTlNqaEVqZ2M?oc=5,2025-06-10,2025-06-29 20:08:01
엔터_팀,트와이스,매일경제,"트와이스 채영, 솔로 데뷔한다...팀 내 4번째 주자[공식] - 스타투데이 - 매일경제","트와이스 채영, 솔로 데뷔한다...팀 내 4번째 주자[공식] - 스타투데이",https://news.google.com/rss/articles/CBMiU0FVX3lxTE9TajVPMi1hYVZMTVRyQU45bTAxYzVINGRHQUhNbHpwRVdRN1MxNl82N0VzcW0wU1pIQlZ6XzJkcXQ3M0tDcWJyQ1dPNFJEU3FVakNv?oc=5,2025-06-10,2025-06-29 20:08:01
자율주행_이슈,라이다,지디넷코리아,"소니, 자동차용 적층형 ToF 센서 'IMX479' 공개 - 지디넷코리아","소니, 자동차용 적층형 ToF 센서 'IMX479' 공개",https://news.google.com/rss/articles/CBMiVkFVX3lxTE1XV29ZeDhDa2NMdEdwdWZ5c20zVGxPdTdmdTNKYmoxWmMtaF9leE9fMnZqVXRBQV9heWFYNHVnQXhGa0FVTDE1ck9GNEhlckI0cEMtc3R3?oc=5,2025-06-10,2025-06-29 20:08:02
자율주행,웨이모,SeattleN,"""20만달러 무인택시, 불지르기 딱 좋네""…LA시위대 표적된 웨이모 > 시애틀 뉴스/핫이슈 - SeattleN","""20만달러 무인택시, 불지르기 딱 좋네""…LA시위대 표적된 웨이모 > 시애틀 뉴스/핫이슈",https://news.google.com/rss/articles/CBMiSkFVX3lxTE1ZTS1EQmZkM0l2QVNmcV9KRVEwbjJvamFWalhhRzkxbzRlcUN1NUNrY1pLWkFUY3VJWjU1bzJvbTNnSFNCODY4NndB?oc=5,2025-06-10,2025-06-29 20:08:03
자율주행,웨이모,포춘코리아 디지털 뉴스,활활 타는 웨이모…미래 기술이 시위 불쏘시개로 - 포춘코리아 디지털 뉴스,활활 타는 웨이모…미래 기술이 시위 불쏘시개로,https://news.google.com/rss/articles/CBMickFVX3lxTFB2Ync1UGNzckpkdFlLbUw1RkJpSlFhd0oxQXlmTlNOT2UtOHRkRUQ5RVl4OGdueTU3dG8zckEyVXFFOE80TU1mMUdXbHMzcnVySndPSEJIZi0yUTBTLTVIVFNIelJYYjJYcUp5LWgtU1R6d9IBdkFVX3lxTE1TQktmcUtRZUUtclYwYm8tR0E5VUF2VmZZODA4NjQ5S1J5N3M5SDYxdDNsd01YaFY0ZTVfRTZibHI3VTlDMWRVWE8xeU1tLV9XTWQ2VmNqbVplMG82TEJaMEF5MHV4eGtTOVZJQmtLNGFBbVJ5c1E?oc=5,2025-06-10,2025-06-29 20:08:03
자율주행,웨이모,머니투데이,불타는 2억대 구글 '로보택시'…왜 LA 시위대의 타깃 됐나 - 머니투데이,불타는 2억대 구글 '로보택시'…왜 LA 시위대의 타깃 됐나,https://news.google.com/rss/articles/CBMiZkFVX3lxTE45aHZLb0VDeUl5eXRJVC1DX051SWRGWkVSSmRXaGE2aF9hS1dGcV8wVWZzd0NIZWJVNkx6RHU2ZzdGM193NkhYT0Iza0xHRnp4X0pGbVNINktoZHBGYnl3aU5uWEJzQQ?oc=5,2025-06-10,2025-06-29 20:08:03
자율주행,웨이모,네이트 뉴스,"불타는 자율주행택시…웨이모, LA 시위 타깃 된 이유는 - 네이트 뉴스","불타는 자율주행택시…웨이모, LA 시위 타깃 된 이유는",https://news.google.com/rss/articles/CBMiU0FVX3lxTE04LWhtemd2Q2JMWW1mbjA5MjFUaWt1dXlwUVpOSVhNMnRpdTFHV3oxWVBhQkRDZGFrWU1vRXdiTGxlRkVxcG1SSHQ0WTZvdEJuQlI4?oc=5,2025-06-10,2025-06-29 20:08:03
자율주행,웨이모,뉴시스,"LA 시위대, 구글 '웨이모' 무인택시 방화…""전기차라 피해 커"" - 뉴시스","LA 시위대, 구글 '웨이모' 무인택시 방화…""전기차라 피해 커""",https://news.google.com/rss/articles/CBMiYEFVX3lxTE4zYjd3eXlYaFhKT2E0VEZTQUs4VEVyR3NrZGF6d2UxbkJKcHlSV0dYMzNOSmRUNnJZN0RVcEZfbjN6WVFiZExzRS16amdOWXp0ZEQ0cURwRjhMdnd4MjdXLdIBeEFVX3lxTFBJa09YcDEtQ2dwa2locDR4aEV6R1NXb0VsTzJFWnRhRWVwNkJNdUdYM2VrZWs1WHNpd1ZWUXRmWE1MWGNPUUkyREdPWXZVM0ZaaFhQRGt2MXV2Qk8tX2VxUW5MVUdfWUdjNDg3RWZ6SklfODVsSWdtcw?oc=5,2025-06-10,2025-06-29 20:08:03
자율주행,웨이모,네이트 뉴스,불타는 구글 '웨이모'…왜 LA시위대 공격 '표적' 됐나 - 네이트 뉴스,불타는 구글 '웨이모'…왜 LA시위대 공격 '표적' 됐나,https://news.google.com/rss/articles/CBMiU0FVX3lxTE9PYUpiUVJtVjBkOUt5UzNJSWVoZ2dlX2hWaWY3dXlVcFlhem0xUU90Mmh4Q0dWM01iYzhrMWNHSFBHbkFUSjNBcjlhYWFlSlUyZ2pz?oc=5,2025-06-10,2025-06-29 20:08:03
자율주행,웨이모,한국일보,LA 시위대는 왜 '무인 택시 웨이모'를 불태웠을까 - 한국일보,LA 시위대는 왜 '무인 택시 웨이모'를 불태웠을까,https://news.google.com/rss/articles/CBMiakFVX3lxTE9xZU1SaEp1c0d5M0pQMHAtRmxvLTdOZy0xVWQ4U3Q5TVd0Z3ZHY0diWXRCbV9YV1RoZHgyU0pFb3lSRE5nODRRZVVPdjVYWGtPNFRRNlZaRkZjdFVyNktQOV93bFVvaDM2RUE?oc=5,2025-06-10,2025-06-29 20:08:03
자율주행,웨이모,Chosunbiz,[Why] 구글표 무인택시가 美 LA 시위 ‘표적’된 이유 - 조선비즈 - Chosunbiz,[Why] 구글표 무인택시가 美 LA 시위 ‘표적’된 이유 - 조선비즈,https://news.google.com/rss/articles/CBMingFBVV95cUxQMWwxUjVpNjdORmJjdWc0OEUxQS0yTzBhOHgtZUdaZXN6MVNkUmhyLUZJM1FjZTlOcVpQaVNjNVJ3QUFWMjgtdXVnREo0WC1nSlFGM2FxMnBpXzVHelpJdW9wd1B6SWM2eHVYYW9zZzNuVFk5bUZTLTlHNUxEaGtaN093a3podEtiY0dRTlBIRmk1WDRfODR1NG05UFYzZ9IBsgFBVV95cUxPYkx5TU12Si1kcXo5US0wN05JLVJORlhzTF9pakYxelp6OXIxTm1oX0IxQldoNDRlbVBoWG5xRjlkN2FESnFYQlZybU85QVdKYXVaRFJKSkZsbGZLUjlTU3Y4U0o4aEJPUmFkMnM5MVlfT01JRExBTmZVdHA1NGFRUVZLTWtyZTRuY3EzSTY0VnJpaEw2MGpQck9GM0FXd1ByQ09PUThldDgwcU9IMHRzWWdn?oc=5,2025-06-10,2025-06-29 20:08:03
2차전지,삼성SDI,비즈니스포스트,"삼성SDI 글로벌 배터리 점유율 감소, 새로운 대형 수요처 찾기 시급해졌다 - 비즈니스포스트","삼성SDI 글로벌 배터리 점유율 감소, 새로운 대형 수요처 찾기 시급해졌다",https://news.google.com/rss/articles/CBMic0FVX3lxTE56VEhMbEl2S01URXM0R21kRC12elQ5c2ZhR1REVGVRZWtaVENUSDVRMDQxU3B1UmZ1X3Jaal9qWlp2RzhlaWMwQWJyQ2NZd2Rvd1lteHV3bUFiajI1a01qNkJYOWF1TzQ1N2hmcm9FREFtOXc?oc=5,2025-06-10,2025-06-29 20:08:03
자율주행_이슈,스마트시티,한국경제,사우디 도시 확 바꾼 네이버…스마트시티 핵심 기술 뭐길래 - 한국경제,사우디 도시 확 바꾼 네이버…스마트시티 핵심 기술 뭐길래,https://news.google.com/rss/articles/CBMiWkFVX3lxTE4tTmpKZmNPc0F2bVR1di1QM1ZyaGtTamNFQWRfZlRSZlZuLXZ0Q0htMEQzSzF6Uy1LdFQ0aWxTV2RqY2E2SVQ5QWJ0aGY3enpKbVNjekNacHBBZ9IBVEFVX3lxTE5PSGlHcUM3WkVtWWNDTVpqQkdUSXAyN25QaFg1UXI1ZWdEWEYtZFRnVjBMMEdzdEJGa0NMVkNnRGlrX1M3M293OXVjNThhaHhvYk41SA?oc=5,2025-06-10,2025-06-29 20:08:03
자율주행_이슈,스마트시티,글로벌이코노믹,"팀네이버, 사우디 3개 스마트시티 구축…서울 11배 면적, 건물 92만동 - 글로벌이코노믹","팀네이버, 사우디 3개 스마트시티 구축…서울 11배 면적, 건물 92만동",https://news.google.com/rss/articles/CBMif0FVX3lxTFA4bG9KX0xXd3d4Qk5uOUhSQkVRYVV6MkQtTXRaOExJaFp6UURsbUpZOGhiVXA1VFJxZVY4MEI3c1lyTXd0UDltcnlXTi1NeDN1c3AtMm41Q2ZDRFFjTkUzR19ncm0wajFPQVNXN2FhTFNZY2xLcmpyQUdfY3hyazQ?oc=5,2025-06-10,2025-06-29 20:08:03
2차전지,LG에너지솔루션,글로벌이코노믹,"LG엔솔 오창공장, 테슬라행 4680 배터리 연내 양산... 연 8GWh 규모 - 글로벌이코노믹","LG엔솔 오창공장, 테슬라행 4680 배터리 연내 양산... 연 8GWh 규모",https://news.google.com/rss/articles/CBMiiAFBVV95cUxNVFZWQXBucC1TRjY5RTI0LTlMUGplTnNxeGxOdmlpWGktSzI1Vmp6c2RqOGNkdkkwbXRtRU1jcjdKZ0ZhbFN1QTFVMWlLQ0lpWEZ6bFk0UTJjYl9Nc2hYLXJoc2dqUDlGYl9SQTUzWHQ2Zk1FdjRpeXVBSkx3SDVzR3U4b2htV2Q0?oc=5,2025-06-10,2025-06-29 20:08:04
2차전지,LG에너지솔루션,여성소비자신문,"LG에너지솔루션, 신사업 발굴 속도···미래 성장동력 확보 - 여성소비자신문","LG에너지솔루션, 신사업 발굴 속도···미래 성장동력 확보",https://news.google.com/rss/articles/CBMiY0FVX3lxTFB5UmVNcHQ0OGdRaHJrMzhyYkVIcUwwWjZ1amdjOFBpU2dON1hFamtDUVlZbVBHU1ZsSmg1TkhqQ0dWR3pocHFUR1ZlSk1VUnVLcDY2ZHJodWg2TlNObF9hXzE5OA?oc=5,2025-06-10,2025-06-29 20:08:04
2차전지,LG에너지솔루션,ksdaily.co.kr,"LG에너지솔루션, 미 상호 관세 불확실성 속 북미향 수요 양호 - ksdaily.co.kr","LG에너지솔루션, 미 상호 관세 불확실성 속 북미향 수요 양호",https://news.google.com/rss/articles/CBMibEFVX3lxTE51TGdtU1lwNUpTOXNOdVRnME9nZkpQbWFIV21Uak1JWXJKbm1WMzVWUGthb3hlbGE2WkJjS1JnZXdIRnBzTjNPQldVUVEtRGRYSTI0cjgyMVVpUnNWWEpLOUZhOVB3cFlVeTNPLQ?oc=5,2025-06-10,2025-06-29 20:08:04
2차전지_이슈,2차 전지,녹색경제신문,"새정부 기대감에도 무거운 2차전지株…""큰 반등은 미국에 달려"" - 녹색경제신문","새정부 기대감에도 무거운 2차전지株…""큰 반등은 미국에 달려""",https://news.google.com/rss/articles/CBMiaEFVX3lxTE8xbHNlZ2g0WEl0OUNlYVM1QVRYdS1laTZkYXJreTdrSkJ4azN1Z2Q1Ym9jT0lpRW9pV2VLaVFucmtOSHhMbGE2QklMY0k1YVJDWENKbTBEZktxTXY2VnVDeGtxa1g5eE1x?oc=5,2025-06-10,2025-06-29 20:08:04
2차전지_이슈,2차 전지,매일신문,경북 포항시 `새정부 대응 2차전지산업 전략` 수립 나선다 - 매일신문,경북 포항시 `새정부 대응 2차전지산업 전략` 수립 나선다,https://news.google.com/rss/articles/CBMiYkFVX3lxTFBUOHFJUlZCT3pWMUV5TUMtc1p6UkJYbFd4U0lHSjlJVDROT1hFZmVlaHQwemg5aktJRk5JNWVReFBRUDlsZWhxTUhEazVUMnBBSWJlbkZFaVpzdnZpUExDTWVB?oc=5,2025-06-10,2025-06-29 20:08:04
2차전지_이슈,2차 전지,매일신문,철강·2차전지 `포항 경제 쌍두마차` 불황의 늪 빠져 헛바퀴 - 매일신문,철강·2차전지 `포항 경제 쌍두마차` 불황의 늪 빠져 헛바퀴,https://news.google.com/rss/articles/CBMiYkFVX3lxTE12RGNlZzFHaENINXpYUXdweDZWM2E3dGdPcDNPUkVsTXJLTjdvMlNaZDdpWEQwWG5XeTFPZ0V6UTRWdG5CXzBZbWxXTjkyaWExNHVjc0luV1JFQXZvT3B2cmNB?oc=5,2025-06-10,2025-06-29 20:08:04
화장품,코스맥스,비즈니스포스트,"코스맥스 동남아시아 이커머스 쇼피와 맞손, 최경 ""현지 성공 스토리 만들 것"" - 비즈니스포스트","코스맥스 동남아시아 이커머스 쇼피와 맞손, 최경 ""현지 성공 스토리 만들 것""",https://news.google.com/rss/articles/CBMic0FVX3lxTE14TnBmUmFhb3N6M3V2YXhrcGhTV09vdFJzZko4c0poTVItUDRsQVpEU01UNC1QX1EwUDJHUUMzb2k0RDZMbW9kVzVsR3RMaWUyb281dVBUaW0xclFBdG5PMVJWZnRhWnpKQ3dkN0NjaDFudjA?oc=5,2025-06-10,2025-06-29 20:08:04
화장품,코스맥스,연합뉴스,"최경 코스맥스 부회장 ""쇼피와 손잡고 K뷰티 동남아 진출 지원"" - 연합뉴스","최경 코스맥스 부회장 ""쇼피와 손잡고 K뷰티 동남아 진출 지원""",https://news.google.com/rss/articles/CBMiW0FVX3lxTE9MV1VYanBYYVRBVXVHRURQSVpuY3kwSzYzdlNwcnhiaGczUEZvTlp0emNHVFk4SHhhOGpWRW5iYnhPZzdDaks1YlpkZmdseWZ5MmJFVmFDTU9ia1nSAWBBVV95cUxOQ0ZzMTNzYjVNZnJLVEtpU00xaC05QW1ZY2RLM0pFLWg3eHBxNS1OZUs0czYwWExaWEZlWURDVjIxSDlOT2tJNEczaHdCMTd1Q3pKcFhya1NXTnpjUHZ3ejQ?oc=5,2025-06-10,2025-06-29 20:08:04
화장품,코스맥스,코스인코리아닷컴,"코스맥스, '쇼피'와 협력 'K뷰티' 동남아 진출 적극 지원 나선다 - 코스인코리아닷컴","코스맥스, '쇼피'와 협력 'K뷰티' 동남아 진출 적극 지원 나선다",https://news.google.com/rss/articles/CBMiY0FVX3lxTE5yVFN3QnkyU09LRFVucEdHTUFmMjROcHhIWk84SHY5MENDcmY3VU5fbmwxc0c3aVhKeHlCcEMzNjF1NU5JbDduNWV4RE1vUHVuQjF5bXZfNjJtMlJlQUdOUHQtOA?oc=5,2025-06-10,2025-06-29 20:08:04
화장품,코스맥스,매일일보,"코스맥스, 쇼피와 맞손…K-뷰티 동남아 진출 지원 - 매일일보","코스맥스, 쇼피와 맞손…K-뷰티 동남아 진출 지원",https://news.google.com/rss/articles/CBMiZEFVX3lxTFAtVDdTUlZLQTB2OFBOWTlXUXJ2akZFU1F4aGJQZVBEd3ZBdm1fNDVad2RTMFR3WXZSMG12ZHZobC1fd1dGVmlkd3pBVVR4VERDdmd2S0h4X1d1SVFtcWR1Sl9hZE4?oc=5,2025-06-10,2025-06-29 20:08:04
화장품,코스맥스,한국경제,"코스맥스, 쇼피 손잡고 동남아 공략 - 한국경제","코스맥스, 쇼피 손잡고 동남아 공략",https://news.google.com/rss/articles/CBMiWkFVX3lxTE1JeGZXMTQ4bFJwYVlwU1RibDdJUm94ZDNUdEZWUjNoQXdZNlFVbjZrSGpyRmZGWmxPV1BPbU9tR2NCVGY3XzdKWVpDajlqc3E4YkhvZVQ2Z0pOd9IBVEFVX3lxTFBLdVp4SUxDTmlZOGREUGZ2bXBVcUNlZS16WkRmMHlVYkpsdEFKWGxfQkVyTnh0ek5VYWZ0eWNqSFhGaFlDNWhOenI1emRJZnFzdnVCZQ?oc=5,2025-06-10,2025-06-29 20:08:04
화장품,코스맥스,Chosunbiz,"코스맥스, 동남아 최대 이커머스 쇼피와 협업… K-뷰티 해외 진출 지원 - 조선비즈 - Chosunbiz","코스맥스, 동남아 최대 이커머스 쇼피와 협업… K-뷰티 해외 진출 지원 - 조선비즈",https://news.google.com/rss/articles/CBMikwFBVV95cUxNTTJUUGtmOTlfelRza216QXE5ZUFMenpQZXdSNy1yTE1kUFp0c095b2hzdXpZNDdwcFNYM1BFQkpaWm1rUi1oY0wtb0k3ckpDWmEydnVkb09zN3N5TWRVdWxseER4NF92NnlSTzRsS2JuUFE3dFZXcF9RTk05WU83Mm9vN0Ywc2t5WS1DNGRDVkRRbVXSAacBQVVfeXFMUDEyLWRlMzBQcjNFN2VZWk9yVU5qYlZ4RWEtVEdDaFA5bERUVjFZTm1taHVteXBPRXNDYXE2VHI2RjdvNmE0U1o2VUFPX0ZBRnBQYi1NSUF6R29pV0tYYVdycFh1WW9HOEEyZVZTQmtkRWktY2pzel9DcVdsX2NKTFo5Q1h6dEJ5bThDS1JybGV2MU1Td2pEZzZESUlXYUtZdFdXOFVWMUk?oc=5,2025-06-10,2025-06-29 20:08:04
화장품,코스맥스,THE K BEAUTY SCIENCE,"코스맥스, 쇼피와 함께 동남아 K-뷰티 확산 박차 - THE K BEAUTY SCIENCE","코스맥스, 쇼피와 함께 동남아 K-뷰티 확산 박차",https://news.google.com/rss/articles/CBMiakFVX3lxTE9ZaXY0aUVScE40U2twTDJ6dGVHVjczR1ZpanhoRk1zYVlXd21wMDZkelRmcklYZ1c3ODFIZ1N0R1BkUW1uVDBZMXU0LU9HVlBuTTlzWHRrb0NzemhvWDkwdTNGSklzQ0VHd3fSAW5BVV95cUxPMHk1TDgwWnF4cVJwcjVGd1lYODlaXzlXd3pmUEZZNno5SDJ4bFN0d2dBUVJsdC1TR1JDcVA3UW04WndMbWV1SzRzTkFVM01iM09MY2hVemZpTGhveEJBSVo1bFRmaHpJRXJiSmFVdw?oc=5,2025-06-10,2025-06-29 20:08:04
2차전지_이슈,전고체 배터리,딜사이트,"성일하이텍-팩토리얼, 전고체 배터리 재활용 공동개발 맞손 - 딜사이트","성일하이텍-팩토리얼, 전고체 배터리 재활용 공동개발 맞손",https://news.google.com/rss/articles/CBMiT0FVX3lxTFBNRmVqTGxKYTh5OUphNWJlTGJmYUppeFNzbnRQZFlSVlhfSV9fUjFadVNSNXpodFQwOHd2SnpuRkZFSlNoeldGbTJ3YXhIYjg?oc=5,2025-06-10,2025-06-29 20:08:05
2차전지_이슈,전기차,조선일보,전기차 ‘캐즘' 메우는 ‘하이브리드’ 자동차 - 조선일보,전기차 ‘캐즘' 메우는 ‘하이브리드’ 자동차,https://news.google.com/rss/articles/CBMilAFBVV95cUxPeFlXOW1qeWFjbDB5bjVsWXhtLUstc1QxQmNpdGdqMWVyX2JQSTdncnBibG52eVlOMHh1ODVkeDI1b05KRXp5cmU1Qmd5bm5zVmtITDZ0MXVwakV1b1FXMzBFcFVWM2JKOTUzejFtZmNaUGRZV1BfMDFuUmdKQS1PSmNnS0J0YnNpWF9NNjNfcElhVkts?oc=5,2025-06-10,2025-06-29 20:08:05
화장품,아모레퍼시픽,바이라인네트워크,아모레퍼시픽이 데이터 3대 난제를 풀어낸 방법 - 바이라인네트워크,아모레퍼시픽이 데이터 3대 난제를 풀어낸 방법,https://news.google.com/rss/articles/CBMiT0FVX3lxTE5WOW9iMmZFSmxndlNnUHhBbXVZUS1fTlVPcGRZN3FkajM2cVMzd2pyQWtMZVFUZnQzU3Z1a3UxS0VLbHU4X2lyRU5JblcxQjA?oc=5,2025-06-10,2025-06-29 20:08:05
화장품_이슈,화장품,harpersbazaar.co.kr,올영세일 때 에디터들이 구입한 화장품은? - harpersbazaar.co.kr,올영세일 때 에디터들이 구입한 화장품은?,https://news.google.com/rss/articles/CBMiW0FVX3lxTE5PWURwOWlkT2swTm5JN0xCaF9qemowQ2RBZ0Q4RWRiY2hsc21qTmhTbHpraDQ3RHZaUkZObDlVYklhNm50UjNzdDgydFRHZTNCNC0tWkdHZ3REWG8?oc=5,2025-06-10,2025-06-29 20:08:05
화장품_이슈,한한령,비즈한국,"""시진핑 축전은 한한령 해제 전조"" 사드 이후 한중 '잃어버린 10년' 회복하나 - 비즈한국","""시진핑 축전은 한한령 해제 전조"" 사드 이후 한중 '잃어버린 10년' 회복하나",https://news.google.com/rss/articles/CBMiVkFVX3lxTFBWSjZSUzRTaDFzT2xzdmVtLUNBaEZMMnk3RHBPV0ZNV3FJaHJmUjdHZzllM2N1NTdQSkFPaVI0MW1BSlc4a2RrSmVzSVZMdjdSNTF1MzFR?oc=5,2025-06-10,2025-06-29 20:08:05
화장품_이슈,한한령,한국경제TV,한한령 해제 기대감에 화장품·의류株 급등...석유화학·게임주도 강세 - 한국경제TV,한한령 해제 기대감에 화장품·의류株 급등...석유화학·게임주도 강세,https://news.google.com/rss/articles/CBMid0FVX3lxTE8wTVBJMkw3LU9ieHBmamNsakpXcWFkOG5kSFljTmFja3F1R1NSODNfQllyRXpmcG9IRE5iVU8xekN0SW9SRUhmTUJiZjVQWDMtaGdRcDJyZUVDM1QyUmVKM3MxSzZoTW15aG1yRkJkeWdBbVpyb0Ew?oc=5,2025-06-10,2025-06-29 20:08:05
화장품_이슈,한한령,서울와이어,"[특징주] 오가니티코스메틱, 한한령 해제 기대감에 상한가 직행 - 서울와이어","[특징주] 오가니티코스메틱, 한한령 해제 기대감에 상한가 직행",https://news.google.com/rss/articles/CBMia0FVX3lxTFBOaTMxRTZidFZtZ0lXTlBVYTU0VF8xb0pZV094QTBPWlF4ejNnZ09sU3BHTE8xeVdMZUU3X250bk5FZDhLYVpRa2U2QW9hWm10R3cyV0NOLXY2VDYyeEJvdDQzT3VWWVdKV3U0?oc=5,2025-06-10,2025-06-29 20:08:05
화장품_이슈,한한령,네이트 뉴스,"""한중관계 발전"" 선린우호 약속한 두 정상…한한령 해제될까 [李대통령·시진핑 통화] - 네이트 뉴스","""한중관계 발전"" 선린우호 약속한 두 정상…한한령 해제될까 [李대통령·시진핑 통화]",https://news.google.com/rss/articles/CBMiU0FVX3lxTFBaSjUyblR1UmhZemt6S2xpMG9xVG1HUUNlYlpSNXJCRTN5aHNXbXppdzYySkdhRjJnd0hjbm4wb2psQUFXX3lHVFlIdzU1em9rb2s0?oc=5,2025-06-10,2025-06-29 20:08:05
화장품,실리콘투,뉴스웨이,"K-뷰티 글로벌화 주도한 실리콘투, 새 주력시장 '유럽'에 눈길 - 뉴스웨이","K-뷰티 글로벌화 주도한 실리콘투, 새 주력시장 '유럽'에 눈길",https://news.google.com/rss/articles/CBMiakFVX3lxTE5FbjNOZEpNZkF5dzBZRGNucTQxN0NfNVYxd21Cb3NOeTk3TC0yaENXSlQ1a19uMDZucndfTFdZaU9VQ0wwX09ScTJfZTZEMFM3eXpqWnY3Z01uYk9sRkdGU1lSXzVHWnJSbHc?oc=5,2025-06-10,2025-06-29 20:08:06
화장품,실리콘투,한국경제,"10일, 외국인 코스닥에서 실리콘투(+0.19%), 스튜디오드래곤(+13.59%) 등 순매수 - 한국경제","10일, 외국인 코스닥에서 실리콘투(+0.19%), 스튜디오드래곤(+13.59%) 등 순매수",https://news.google.com/rss/articles/CBMiWkFVX3lxTE8zMmthblQ3SnhhanFPQUJkeEhjaUl1TVpvM3RGOGZkV3hSelk5YlFTeXcxUGNNRGdLM2lHc2ZyWkdUbHFZR1lBc1JsSmdzMXhiT0NSZHRVOVBDUdIBVEFVX3lxTE1SYnRCVjJPSXhXN0QyQWU1a1pFOGFveDJHWHZJOWxkczV6c2VncDRVdk9VVFZyRURkY2NTM2pwU2tFTnpRaTFWd0h4Z3ROVHZTVjNZYw?oc=5,2025-06-10,2025-06-29 20:08:06
화장품,실리콘투,한국경제,"10일, 기관 코스닥에서 링크솔루션(+14.13%), 실리콘투(+0.19%) 등 순매도 - 한국경제","10일, 기관 코스닥에서 링크솔루션(+14.13%), 실리콘투(+0.19%) 등 순매도",https://news.google.com/rss/articles/CBMiWkFVX3lxTE1WbDhLNmZmbWpHbXBTRHFSaFFZSjMwOFZNTU8ybE9Ral9heTE1eWFmMWJPOW5vNVh5dHJsc2FKU3NuYTFPQ3Z0VXlNUnJPd3lfWnFPQTJrZkFIUdIBVEFVX3lxTE9HbHA1TDhXYzlHV0Jkc1BVVVFIYWhnYk5SdUY0WmctOFhvdnNKNENDUlZmSmJucWItWHV4N19Zby1lMkg3LTJJbUl1YUthYzUzSGUwaw?oc=5,2025-06-10,2025-06-29 20:08:06
화장품,LG생활건강,연합뉴스,"LG생활건강 VDL, 일본 도쿄서 팝업행사…""브랜드 저변 확대"" - 연합뉴스","LG생활건강 VDL, 일본 도쿄서 팝업행사…""브랜드 저변 확대""",https://news.google.com/rss/articles/CBMiW0FVX3lxTE1ucWhWY25RaElXeWtjaEpQNFR5UUk0WkVxQTJ5eHZNOGN6VUpGTWF0MS1MREt2UWMwcmRCak83S21iamNzTXlIYWVnaDlidUUwUXRIajI1aE5yRkXSAWBBVV95cUxNUS0xeEVWeGdMcVVIOFVkUW40X3hUeFJpbXdvSkpKTEVKMVVIT1RidEVMSkdMWmZ2RmE4NU4tSHUxYUlta004ZXVGMnV6LXVrdFliYm01NVlEajFCY0RGb1I?oc=5,2025-06-10,2025-06-29 20:08:06
화장품,LG생활건강,조세금융신문,"[단독] LG생활건강, 美 에이본 인수 후 원소유주와 '상표권 충돌’ - 조세금융신문","[단독] LG생활건강, 美 에이본 인수 후 원소유주와 '상표권 충돌’",https://news.google.com/rss/articles/CBMiY0FVX3lxTE4waUgzN2lFSzZYemFtRkYtOU5lODByOUx2YmdpU0pNV2lYT3IwaXFGWnQ4NmNXSzNQMXVYR3hSbGhILVdEek9lLV93R1YteS0yblkyVXV6ZEdpYWdmZnVRbkxpTQ?oc=5,2025-06-10,2025-06-29 20:08:06
화장품_이슈,K-뷰티,한국경제,서울이 키운 'K뷰티 군단' 중동 뚫는다 - 한국경제,서울이 키운 'K뷰티 군단' 중동 뚫는다,https://news.google.com/rss/articles/CBMiWkFVX3lxTE44LThsXy1yM01jTWx1WTI3ZzU3aXdPa2ludndqU0VKeERHVGRDMVRlR3Znd1JhQTEzUV9lUUF1ZkcwcUo4UEVidG5YdkN2RWhZZFlnUGs0MVp6d9IBVEFVX3lxTE9iNUxodTJsM0tOcTlaS3ZYWl9YY2dHbEVTaFdNT1pvLUhOMVk1cEt3OWRZZ1R4ZTJTY1RoU1IwRDRGNm03aUc0WGl1ZzBZc2VDZ0FWRg?oc=5,2025-06-10,2025-06-29 20:08:06
화장품_이슈,중국 경제,뉴시스,"[속보]이 대통령 ""중국, 경제·안보 등 모든 면에서 중요한 파트너"" - 뉴시스","[속보]이 대통령 ""중국, 경제·안보 등 모든 면에서 중요한 파트너""",https://news.google.com/rss/articles/CBMiYEFVX3lxTE8tT1Z4Tl9HOEVIa0VkNTh5WWN2ZmRqSmJISVc0WFlmaFBSMDZFZ1lCMXpQVXZlY3JNd0ZnV3ltYnlQNUUxRnUzaklPU2VuVHF6MjI3blhoOWp0azVSR3NIZtIBeEFVX3lxTE9UVS1lVFdJTjlQNkw4aUxRMF9sZWRkcmdNSWQ0dzVnOXBsOFRfMUQzUlF2c3pOYzR2Q19ITlcwUWtONGJ1dm9MLTRFdVpSb3RKRHM0ZUlqTmdoUDVHYWRSUjA2ZDlsZndja054Qlg5NWJMMzFOWm5TLQ?oc=5,2025-06-10,2025-06-29 20:08:06
화장품_이슈,중국 경제,SBS Biz,"中, 협상에 느긋?…'차이나 쇼크' 공포 [글로벌 뉴스픽] - SBS Biz","中, 협상에 느긋?…'차이나 쇼크' 공포 [글로벌 뉴스픽]",https://news.google.com/rss/articles/CBMiU0FVX3lxTFBNX2dINUhoU3VqaWkyNkpGcUlwU1RocmdRTXFjamxCZDlyXzZNTXdKWjhLbmZzX1NEenllUjQ4Nl9aQ0hvM1FoOU5IcTlwWnh0NjBZ0gFYQVVfeXFMTU9tamExd1dqeVVKdXJNUVpPaGRDR2ZTNFNIMy1sQjBLVUVMdEtTY3ZLRXNmaDEyNWZhdzVrSi1hQWJSdDZtOFdZT1dDZ0dTeE9mdDZnZmlhQg?oc=5,2025-06-10,2025-06-29 20:08:06
스마트팩토리_이슈,스마트팩토리,Samsung Global Newsroom,"[영상] “바다의 반도체, 스마트공장을 만나다” 삼성전자 현장 다큐멘터리 공개 - Samsung Global Newsroom","[영상] “바다의 반도체, 스마트공장을 만나다” 삼성전자 현장 다큐멘터리 공개",https://news.google.com/rss/articles/CBMirAJBVV95cUxORDJ0Tk03R1JreXF4aTNCM193RWtCRFpHNTZVNUJWdVFXOEo1WHlTNFFpWllVczdVTmJaenRhdlFSZ0N0THJlZUtHSTl5VTlmQ0NhX25WdmNuY0taN2l1cGYtUkRrcGdmbFFKa1NNSUxEOU5NTzc2RF80WUhUWG1DT245NHBVVnRXQUhDZkR5VjUzdjhET2ZZSXQ1V2FjNlhkNTJQRHJtMU1WZTR6Zk52YS1RU24zQkh0TE82S3NtT1ZodmEwTHNDaUYyNVBWbll6bVhzaC1kZE41Rmt3YXhMMFRhNDBjSmJIcWVPTlBxU1V3UklWVXhGZ2ljalNMM1NrODZpMEc2NHdxUGFOR2FPaGhjRHhKZGs2NE1wbVFMZTNNNm1BUTRtY2pGV0o?oc=5,2025-06-10,2025-06-29 20:08:07
반도체,SK 하이닉스,한국경제,"SK하이닉스, 차세대 D램 기술 발표…30년 이끈다 - 한국경제","SK하이닉스, 차세대 D램 기술 발표…30년 이끈다",https://news.google.com/rss/articles/CBMiWkFVX3lxTE1JaUh1V3NKSzlCZF9sNUxZbHlJaDRUVkVROGtJMm9ZdkV6UTJ3aVY2Q1Qxc0lsM3lqNHRzV1NtVk5ocXlJejg3N0hJRERYSXNIUXNyOVNDZkV6Z9IBVEFVX3lxTE90MWtWSUpwN1JHdVFxb2FaWGUxajJ4WmJlNldVbDJMWmVsUXN5dlFDVi1FUnl0SFFpeExQTm01VGtuNjhLcy1Ha1hDTEVlUWpURUpRbQ?oc=5,2025-06-10,2025-06-29 20:12:56
6G_이슈,6G,SBS Biz,"KAI, 6G 저궤도 위성통신 기술개발한다…세계 최초 6G 상용화 - SBS Biz","KAI, 6G 저궤도 위성통신 기술개발한다…세계 최초 6G 상용화",https://news.google.com/rss/articles/CBMiU0FVX3lxTE56cW5JM041em4wN3VtU1B6QVRHNmxqRDFrSDdQMjRrN1pjS3RfSFEzLUp5bjJaNzRST2theFZVbGR3WVZPWmZ1QUVvZXAwbHhtM19r0gFYQVVfeXFMT2xYQWtQZU14MG44OHJsNWhrMmdVTldkOHh1WGtzYXBUdlpXalZ3QmJLRkRiNUFkdmpNUmdITW5zQmVURHNEaTJoT0Nxcmg4bWg3S3IycEFLZA?oc=5,2025-06-10,2025-06-29 20:12:59
6G_이슈,6G,KPI뉴스,"한양대, 美 비아비와 6G 통신 협력 - KPI뉴스","한양대, 美 비아비와 6G 통신 협력",https://news.google.com/rss/articles/CBMiV0FVX3lxTE4yVmthWDlfcnB4ODZTRS10S2NsUWVKSnJlT3B3WjVnY2VlX2V0cVV4WmZTQzltNkhDcUlrbU5Pai1Qd1pxSDdVRFdPRURDSHhGVzFhTm12WdIBU0FVX3lxTE84cGVzV0Z0bGppaUZDLVd2YUUweWpraTl2TENTSVpPakNUV1FsZl91dy1VelRVdm01ZGxlX0Y2QTRUZVdrY3pTZTAyWFBNWUUwWUNJ?oc=5,2025-06-10,2025-06-29 20:12:59
엔터,하이브,한국경제,"""하이브, BTS 완전체 컴백 효과 기대…목표가↑""-삼성 - 한국경제","""하이브, BTS 완전체 컴백 효과 기대…목표가↑""-삼성",https://news.google.com/rss/articles/CBMiWkFVX3lxTE9TMHRCMS1rMko4cFIyYUxRblFqQVJPanEyWU1DWUxMM3o0dEh0elA2dk96WHBnVkZGRjB3Z1pjWEJHTXg5NjVlaW8tZVRrcENwS1NKcU1JY1hmZ9IBVEFVX3lxTE9UVjFxLVExTl80dERRN3BiNFFXam1NcUtaaXVKRkdVWmxyaHl2MVF1OUR6N3Y3VHJPRDlId0sycEhaV3ZGSVd5Nlp4RmtYYzBaME1GbQ?oc=5,2025-06-10,2025-06-29 20:13:00
엔터,하이브,연합뉴스,하이브 앞에 모여드는 아미 - 연합뉴스,하이브 앞에 모여드는 아미,https://news.google.com/rss/articles/CBMiW0FVX3lxTE5HOVlVYU8tZXlKdTRURVV4MHM4M1RZTWE4ZkR5TzU0TXdFU3lMTXdEVEJfajAzcDVmRDVlenBGVm1NcjNObGdXMXFMb3VHamc4S0RqelJkMVo5X2vSAWBBVV95cUxPamozNE91N3BjckgzcUlMelpSRG1SUDZyWVVLcHBwaV9URUllQVh3Q3dpNDZmR25YN1J1MmhCZUZZMDZORDVEVHBZdUVNc2hFLVJuQ2M0Wl8tNGt6NVVwZGI?oc=5,2025-06-10,2025-06-29 20:13:00
자율주행_이슈,스마트시티,한국일보,"네이버, 이슬람교 성지 '메카'의 스마트시티화 판 깔았다 - 한국일보","네이버, 이슬람교 성지 '메카'의 스마트시티화 판 깔았다",https://news.google.com/rss/articles/CBMiakFVX3lxTE9obnNLU2dKa1FHakNYZmIyeFRoWWsteDhvQ2RuNGw2YzF0UWt3WnFkVVlMYU8wc21WRzF0YmprLXRsTzR6UVlvdmJfLWcwT1JSMlhyWWVPVGJZMzV0N2V3TTktaXZyU2lMN3c?oc=5,2025-06-10,2025-06-29 20:13:06
화장품,실리콘투,한국경제TV,"K-뷰티 역직구 플랫폼 올리브영…""실리콘투 공생 관계"" - 한국경제TV","K-뷰티 역직구 플랫폼 올리브영…""실리콘투 공생 관계""",https://news.google.com/rss/articles/CBMid0FVX3lxTE02QmFXTG53NFZPR0tGQTNpWnctRHd5RG5zZ1BPOTZrVEpHX25pZklsR0M0NnZxT0s0REF3OTAtRHdPdEFUUklNOFdVZnA0elNQUkE0amtFMjVUMXc0ZWN6SUwyV1E1ZzNjcUZobGRvNkR5S3dEYnZn?oc=5,2025-06-10,2025-06-29 20:13:08
엔터,하이브,한국경제,"""위 아 백"" RM·뷔 등 줄줄이 전역…하이브 주가 강세 - 한국경제","""위 아 백"" RM·뷔 등 줄줄이 전역…하이브 주가 강세",https://news.google.com/rss/articles/CBMiWkFVX3lxTE1pZllmYndmUC1ZMUJXMTBmcWtUajZmZVFTQU5JZUkzcTctZ0oxRHR4S1pQQ253RHdrZzkteThXOV9zbnkwN0tEUl9mQm1qUVoxMm02VFU3Q1NBd9IBVEFVX3lxTE5VYzRBUGctTnlzc2hkMmg1RXlYT2s4ZllET0UwUXp3b0VOV3I4ZW56T1o4b0NETFllT1dnZjk2Z2RFa0JScXlHc1c2R2c3V1hzQkZwaQ?oc=5,2025-06-10,2025-06-29 20:21:03
